<?xml version="1.0" encoding="UTF-8"?>
<project-private xmlns="http://www.netbeans.org/ns/project-private/1">
    <editor-bookmarks xmlns="http://www.netbeans.org/ns/editor-bookmarks/2" lastBookmarkId="0"/>
    <open-files xmlns="http://www.netbeans.org/ns/projectui-open-files/2">
        <group>
            <file>file:/C:/Users/Sheetal/Documents/NetBeansProjects/XeroxSales/src/CustomerRole/ViewOrderHistoryJPanel.java</file>
            <file>file:/C:/Users/Sheetal/Documents/NetBeansProjects/XeroxSales/src/AdministrativeRole/AddSalesPersonJPanel.java</file>
            <file>file:/C:/Users/Sheetal/Documents/NetBeansProjects/XeroxSales/src/Business/MainMasterOrder.java</file>
            <file>file:/C:/Users/Sheetal/Documents/NetBeansProjects/XeroxSales/src/Business/Product.java</file>
            <file>file:/C:/Users/Sheetal/Documents/NetBeansProjects/XeroxSales/src/CustomerRole/ManageCustomerJPanel.java</file>
            <file>file:/C:/Users/Sheetal/Documents/NetBeansProjects/XeroxSales/src/Business/SalesPerson.java</file>
            <file>file:/C:/Users/Sheetal/Documents/NetBeansProjects/XeroxSales/src/Business/ProductCatalog.java</file>
            <file>file:/C:/Users/Sheetal/Documents/NetBeansProjects/XeroxSales/src/CustomerRole/CustomerOrdersJPanel.java</file>
            <file>file:/C:/Users/Sheetal/Documents/NetBeansProjects/XeroxSales/src/AdministrativeRole/AddProductJPanel.java</file>
            <file>file:/C:/Users/Sheetal/Documents/NetBeansProjects/XeroxSales/src/Business/MasterOrderCatalog_Customer.java</file>
            <file>file:/C:/Users/Sheetal/Documents/NetBeansProjects/XeroxSales/src/AdministrativeRole/AdminWorkAreaJPanel.java</file>
            <file>file:/C:/Users/Sheetal/Documents/NetBeansProjects/XeroxSales/src/Business/BusinessConfigure.java</file>
            <file>file:/C:/Users/Sheetal/Documents/NetBeansProjects/XeroxSales/src/SalesPerson/viewSoldOrderJPanel.java</file>
            <file>file:/C:/Users/Sheetal/Documents/NetBeansProjects/XeroxSales/src/Business/MasterOrderCatalog_SalesPerson.java</file>
            <file>file:/C:/Users/Sheetal/Documents/NetBeansProjects/XeroxSales/src/UserInterface/MainJFrame.java</file>
            <file>file:/C:/Users/Sheetal/Documents/NetBeansProjects/XeroxSales/src/Business/Customer.java</file>
            <file>file:/C:/Users/Sheetal/Documents/NetBeansProjects/XeroxSales/src/Business/SalesPersonDirectory.java</file>
            <file>file:/C:/Users/Sheetal/Documents/NetBeansProjects/XeroxSales/src/Business/Order.java</file>
            <file>file:/C:/Users/Sheetal/Documents/NetBeansProjects/XeroxSales/src/Business/OrderItem.java</file>
            <file>file:/C:/Users/Sheetal/Documents/NetBeansProjects/XeroxSales/src/Business/Business.java</file>
            <file>file:/C:/Users/Sheetal/Documents/NetBeansProjects/XeroxSales/src/Business/Person.java</file>
            <file>file:/C:/Users/Sheetal/Documents/NetBeansProjects/XeroxSales/src/AdministrativeRole/ManageSalesPersonJPanel.java</file>
            <file>file:/C:/Users/Sheetal/Documents/NetBeansProjects/XeroxSales/src/Business/CustomerDirectory.java</file>
            <file>file:/C:/Users/Sheetal/Documents/NetBeansProjects/XeroxSales/src/SalesPerson/SalesPersonOrderJPanel.java</file>
            <file>file:/C:/Users/Sheetal/Documents/NetBeansProjects/XeroxSales/src/SalesPerson/ManageSalePersonJPanel.java</file>
            <file>file:/C:/Users/Sheetal/Documents/NetBeansProjects/XeroxSales/src/AdministrativeRole/ViewReports.java</file>
            <file>file:/C:/Users/Sheetal/Documents/NetBeansProjects/XeroxSales/src/AdministrativeRole/ManageProductsJPanel.java</file>
        </group>
    </open-files>
</project-private>
